ms_id	bibl_xml_id	bibl_xpath	bibl_xpath_readable	citedRange_from	citedRange_to	status	ref_ms_id	ref_locus_xpath	ref_locus_xpath_readable	ref_locus_from	ref_locus_to
1319	jalit-orgmanuscript342	/*/*[2]/*/*/*/*[3]/*[1]/*[2]/*[1]	TEI/text/body/listBibl/msDesc/physDesc/ab/listBibl/bibl	1r	1v	existing	342	/*/*[2]/*/*/*/*[2]/*[2]/*[1]	TEI/text/body/listBibl/msDesc/msContents/msItem/locus	1r	1v
1319	jalit-orgmanuscript358	/*/*[2]/*/*/*/*[3]/*[1]/*[2]/*[2]	TEI/text/body/listBibl/msDesc/physDesc/ab/listBibl/bibl	1r	75v	existing	358	/*/*[2]/*/*/*/*[2]/*[2]/*[1]	TEI/text/body/listBibl/msDesc/msContents/msItem/locus	1r	75v
1319	jalit-orgmanuscript364	/*/*[2]/*/*/*/*[3]/*[1]/*[2]/*[3]	TEI/text/body/listBibl/msDesc/physDesc/ab/listBibl/bibl	1r	1v	existing	364	/*/*[2]/*/*/*/*[2]/*[2]/*[1]	TEI/text/body/listBibl/msDesc/msContents/msItem/locus	1r	1v
1319	jalit-orgmanuscript365	/*/*[2]/*/*/*/*[3]/*[1]/*[2]/*[4]	TEI/text/body/listBibl/msDesc/physDesc/ab/listBibl/bibl	1r	8v	existing	365	/*/*[2]/*/*/*/*[2]/*[2]/*[1]	TEI/text/body/listBibl/msDesc/msContents/msItem/locus	1r	8v
1360	jalit-orgmanuscript356	/*/*[2]/*/*/*/*[3]/*[1]/*[2]/*	TEI/text/body/listBibl/msDesc/physDesc/ab/listBibl/bibl	1	92	existing	356	/*/*[2]/*/*/*/*[2]/*[2]/*[1]	TEI/text/body/listBibl/msDesc/msContents/msItem/locus	1	92
1469	jalit-orgmanuscript341	/*/*[2]/*/*/*/*[3]/*[1]/*[2]/*[1]	TEI/text/body/listBibl/msDesc/physDesc/ab/listBibl/bibl	1r	2v	existing	341	/*/*[2]/*/*/*/*[2]/*[2]/*[1]	TEI/text/body/listBibl/msDesc/msContents/msItem/locus	1r	2v
1469	jalit-orgmanuscript630	/*/*[2]/*/*/*/*[3]/*[1]/*[2]/*[2]	TEI/text/body/listBibl/msDesc/physDesc/ab/listBibl/bibl	1r	12v	existing	630	/*/*[2]/*/*/*/*[2]/*[2]/*[1]	TEI/text/body/listBibl/msDesc/msContents/msItem/locus	1r	12v
1469	jalit-orgmanuscript511	/*/*[2]/*/*/*/*[3]/*[1]/*[2]/*[3]	TEI/text/body/listBibl/msDesc/physDesc/ab/listBibl/bibl	1r	9v	existing	511	/*/*[2]/*/*/*/*[2]/*[2]/*[1]	TEI/text/body/listBibl/msDesc/msContents/msItem/locus	1r	9v
1469	jalit-orgmanuscript511	/*/*[2]/*/*/*/*[3]/*[1]/*[2]/*[3]	TEI/text/body/listBibl/msDesc/physDesc/ab/listBibl/bibl	32r	36v	existing	511	/*/*[2]/*/*/*/*[2]/*[2]/*[2]	TEI/text/body/listBibl/msDesc/msContents/msItem/locus	32r	36v
1469	jalit-orgmanuscript511	/*/*[2]/*/*/*/*[3]/*[1]/*[2]/*[3]	TEI/text/body/listBibl/msDesc/physDesc/ab/listBibl/bibl	45r	109v	existing	511	/*/*[2]/*/*/*/*[2]/*[2]/*[3]	TEI/text/body/listBibl/msDesc/msContents/msItem/locus	45r	109v
1469	jalit-orgmanuscript511	/*/*[2]/*/*/*/*[3]/*[1]/*[2]/*[3]	TEI/text/body/listBibl/msDesc/physDesc/ab/listBibl/bibl	111r	124v	existing	511	/*/*[2]/*/*/*/*[2]/*[2]/*[4]	TEI/text/body/listBibl/msDesc/msContents/msItem/locus	111r	124v
1469	jalit-orgmanuscript511	/*/*[2]/*/*/*/*[3]/*[1]/*[2]/*[3]	TEI/text/body/listBibl/msDesc/physDesc/ab/listBibl/bibl	126r	149v	existing	511	/*/*[2]/*/*/*/*[2]/*[2]/*[5]	TEI/text/body/listBibl/msDesc/msContents/msItem/locus	126r	149v
1469	jalit-orgmanuscript641	/*/*[2]/*/*/*/*[3]/*[1]/*[2]/*[4]	TEI/text/body/listBibl/msDesc/physDesc/ab/listBibl/bibl	1r	5v	existing	641	/*/*[2]/*/*/*/*[2]/*[2]/*[1]	TEI/text/body/listBibl/msDesc/msContents/msItem/locus	1r	5v
1469	jalit-orgmanuscript366	/*/*[2]/*/*/*/*[3]/*[1]/*[2]/*[5]	TEI/text/body/listBibl/msDesc/physDesc/ab/listBibl/bibl	1r	4v	existing	366	/*/*[2]/*/*/*/*[2]/*[2]/*[1]	TEI/text/body/listBibl/msDesc/msContents/msItem/locus	1r	4v
1469	jalit-orgmanuscript366	/*/*[2]/*/*/*/*[3]/*[1]/*[2]/*[5]	TEI/text/body/listBibl/msDesc/physDesc/ab/listBibl/bibl	6r	28v	existing	366	/*/*[2]/*/*/*/*[2]/*[2]/*[2]	TEI/text/body/listBibl/msDesc/msContents/msItem/locus	6r	28v
1474		/*/*[2]/*/*/*/*[3]/*[1]/*[2]/*[1]	TEI/text/body/listBibl/msDesc/physDesc/ab/listBibl/bibl	1r	1v	existing	1501	/*/*[2]/*/*/*/*[2]/*[2]/*[3]	TEI/text/body/listBibl/msDesc/msContents/msItem/locus	1r	1v
1474		/*/*[2]/*/*/*/*[3]/*[1]/*[2]/*[3]	TEI/text/body/listBibl/msDesc/physDesc/ab/listBibl/bibl	1r	2v	existing	1480	/*/*[2]/*/*/*/*[2]/*[2]/*[1]	TEI/text/body/listBibl/msDesc/msContents/msItem/locus	1r	2v
1474		/*/*[2]/*/*/*/*[3]/*[1]/*[2]/*[4]	TEI/text/body/listBibl/msDesc/physDesc/ab/listBibl/bibl	1r	19v	existing	555	/*/*[2]/*/*/*/*[2]/*[2]/*[1]	TEI/text/body/listBibl/msDesc/msContents/msItem/locus	1r	19v
1484		/*/*[2]/*/*/*/*[3]/*[1]/*[2]/*[2]	TEI/text/body/listBibl/msDesc/physDesc/ab/listBibl/bibl	1r	3v	existing	1481	/*/*[2]/*/*/*/*[2]/*[2]/*[1]	TEI/text/body/listBibl/msDesc/msContents/msItem/locus	1r	3v
1488		/*/*[2]/*/*/*/*[3]/*[1]/*[2]/*[5]	TEI/text/body/listBibl/msDesc/physDesc/ab/listBibl/bibl	1r	2v	existing	1502	/*/*[2]/*/*/*/*[2]/*[2]/*[3]	TEI/text/body/listBibl/msDesc/msContents/msItem/locus	1r	2v
1488		/*/*[2]/*/*/*/*[3]/*[1]/*[2]/*[6]	TEI/text/body/listBibl/msDesc/physDesc/ab/listBibl/bibl	1r	6v	existing	1492	/*/*[2]/*/*/*/*[2]/*[2]/*[1]	TEI/text/body/listBibl/msDesc/msContents/msItem/locus	1r	6v
1488		/*/*[2]/*/*/*/*[3]/*[1]/*[2]/*[7]	TEI/text/body/listBibl/msDesc/physDesc/ab/listBibl/bibl	1r	24v	existing	1477	/*/*[2]/*/*/*/*[2]/*[2]/*[1]	TEI/text/body/listBibl/msDesc/msContents/msItem/locus	1r	24v
1488		/*/*[2]/*/*/*/*[3]/*[1]/*[2]/*[8]	TEI/text/body/listBibl/msDesc/physDesc/ab/listBibl/bibl	1r	6v	existing	1479	/*/*[2]/*/*/*/*[2]/*[2]/*[1]	TEI/text/body/listBibl/msDesc/msContents/msItem/locus	1r	6v
1488		/*/*[2]/*/*/*/*[3]/*[1]/*[2]/*[9]	TEI/text/body/listBibl/msDesc/physDesc/ab/listBibl/bibl	1r	6v	existing	587	/*/*[2]/*/*/*/*[2]/*[2]/*[1]	TEI/text/body/listBibl/msDesc/msContents/msItem/locus	1r	6v
1488		/*/*[2]/*/*/*/*[3]/*[1]/*[2]/*[10]	TEI/text/body/listBibl/msDesc/physDesc/ab/listBibl/bibl	1r	46v	existing	608	/*/*[2]/*/*/*/*[2]/*[2]/*[1]	TEI/text/body/listBibl/msDesc/msContents/msItem/locus	1r	46v
1489		/*/*[2]/*/*/*/*[3]/*[1]/*[2]/*[1]	TEI/text/body/listBibl/msDesc/physDesc/ab/listBibl/bibl	1r	1v	existing	1501	/*/*[2]/*/*/*/*[2]/*[2]/*[3]	TEI/text/body/listBibl/msDesc/msContents/msItem/locus	1r	1v
1489		/*/*[2]/*/*/*/*[3]/*[1]/*[2]/*[2]	TEI/text/body/listBibl/msDesc/physDesc/ab/listBibl/bibl	1r	2v	existing	1480	/*/*[2]/*/*/*/*[2]/*[2]/*[1]	TEI/text/body/listBibl/msDesc/msContents/msItem/locus	1r	2v
1489		/*/*[2]/*/*/*/*[3]/*[1]/*[2]/*[3]	TEI/text/body/listBibl/msDesc/physDesc/ab/listBibl/bibl	1r	6v	existing	1474	/*/*[2]/*/*/*/*[2]/*[2]/*[1]	TEI/text/body/listBibl/msDesc/msContents/msItem/locus	1r	6v
1489		/*/*[2]/*/*/*/*[3]/*[1]/*[2]/*[4]	TEI/text/body/listBibl/msDesc/physDesc/ab/listBibl/bibl	1r	19v	existing	555	/*/*[2]/*/*/*/*[2]/*[2]/*[1]	TEI/text/body/listBibl/msDesc/msContents/msItem/locus	1r	19v
1491		/*/*[2]/*/*/*/*[3]/*[1]/*[2]/*[2]	TEI/text/body/listBibl/msDesc/physDesc/ab/listBibl/bibl	1r	3v	existing	1481	/*/*[2]/*/*/*/*[2]/*[2]/*[1]	TEI/text/body/listBibl/msDesc/msContents/msItem/locus	1r	3v
1492		/*/*[2]/*/*/*/*[3]/*[1]/*[2]/*[5]	TEI/text/body/listBibl/msDesc/physDesc/ab/listBibl/bibl	1r	2v	existing	1502	/*/*[2]/*/*/*/*[2]/*[2]/*[3]	TEI/text/body/listBibl/msDesc/msContents/msItem/locus	1r	2v
1492		/*/*[2]/*/*/*/*[3]/*[1]/*[2]/*[7]	TEI/text/body/listBibl/msDesc/physDesc/ab/listBibl/bibl	1r	24v	existing	1477	/*/*[2]/*/*/*/*[2]/*[2]/*[1]	TEI/text/body/listBibl/msDesc/msContents/msItem/locus	1r	24v
1492		/*/*[2]/*/*/*/*[3]/*[1]/*[2]/*[8]	TEI/text/body/listBibl/msDesc/physDesc/ab/listBibl/bibl	1r	6v	existing	1479	/*/*[2]/*/*/*/*[2]/*[2]/*[1]	TEI/text/body/listBibl/msDesc/msContents/msItem/locus	1r	6v
1492		/*/*[2]/*/*/*/*[3]/*[1]/*[2]/*[9]	TEI/text/body/listBibl/msDesc/physDesc/ab/listBibl/bibl	1r	6v	existing	587	/*/*[2]/*/*/*/*[2]/*[2]/*[1]	TEI/text/body/listBibl/msDesc/msContents/msItem/locus	1r	6v
1492		/*/*[2]/*/*/*/*[3]/*[1]/*[2]/*[10]	TEI/text/body/listBibl/msDesc/physDesc/ab/listBibl/bibl	1r	46v	existing	608	/*/*[2]/*/*/*/*[2]/*[2]/*[1]	TEI/text/body/listBibl/msDesc/msContents/msItem/locus	1r	46v
1501		/*/*[2]/*/*/*/*[3]/*[1]/*[2]/*[2]	TEI/text/body/listBibl/msDesc/physDesc/ab/listBibl/bibl	1r	6v	existing	1474	/*/*[2]/*/*/*/*[2]/*[2]/*[1]	TEI/text/body/listBibl/msDesc/msContents/msItem/locus	1r	6v
1501		/*/*[2]/*/*/*/*[3]/*[1]/*[2]/*[3]	TEI/text/body/listBibl/msDesc/physDesc/ab/listBibl/bibl	1r	2v	existing	1480	/*/*[2]/*/*/*/*[2]/*[2]/*[1]	TEI/text/body/listBibl/msDesc/msContents/msItem/locus	1r	2v
1501		/*/*[2]/*/*/*/*[3]/*[1]/*[2]/*[4]	TEI/text/body/listBibl/msDesc/physDesc/ab/listBibl/bibl	1r	19v	existing	555	/*/*[2]/*/*/*/*[2]/*[2]/*[1]	TEI/text/body/listBibl/msDesc/msContents/msItem/locus	1r	19v
1502		/*/*[2]/*/*/*/*[3]/*[1]/*[2]/*[6]	TEI/text/body/listBibl/msDesc/physDesc/ab/listBibl/bibl	1r	6v	existing	1492	/*/*[2]/*/*/*/*[2]/*[2]/*[1]	TEI/text/body/listBibl/msDesc/msContents/msItem/locus	1r	6v
1502		/*/*[2]/*/*/*/*[3]/*[1]/*[2]/*[8]	TEI/text/body/listBibl/msDesc/physDesc/ab/listBibl/bibl	1r	6v	existing	1479	/*/*[2]/*/*/*/*[2]/*[2]/*[1]	TEI/text/body/listBibl/msDesc/msContents/msItem/locus	1r	6v
1502		/*/*[2]/*/*/*/*[3]/*[1]/*[2]/*[9]	TEI/text/body/listBibl/msDesc/physDesc/ab/listBibl/bibl	1r	6v	existing	587	/*/*[2]/*/*/*/*[2]/*[2]/*[1]	TEI/text/body/listBibl/msDesc/msContents/msItem/locus	1r	6v
1502		/*/*[2]/*/*/*/*[3]/*[1]/*[2]/*[10]	TEI/text/body/listBibl/msDesc/physDesc/ab/listBibl/bibl	1r	46v	existing	608	/*/*[2]/*/*/*/*[2]/*[2]/*[1]	TEI/text/body/listBibl/msDesc/msContents/msItem/locus	1r	46v
1570	jalit-orgmanuscript1571	/*/*[2]/*/*/*/*[3]/*[2]/*[2]/*	TEI/text/body/listBibl/msDesc/physDesc/ab/listBibl/bibl	10r	31v	existing	1571	/*/*[2]/*/*/*/*[2]/*[2]/*[1]	TEI/text/body/listBibl/msDesc/msContents/msItem/locus	10r	31v
1570	jalit-orgmanuscript1571	/*/*[2]/*/*/*/*[3]/*[2]/*[2]/*	TEI/text/body/listBibl/msDesc/physDesc/ab/listBibl/bibl	37r	44v	existing	1571	/*/*[2]/*/*/*/*[2]/*[2]/*[2]	TEI/text/body/listBibl/msDesc/msContents/msItem/locus	37r	44v
1570	jalit-orgmanuscript1571	/*/*[2]/*/*/*/*[3]/*[2]/*[2]/*	TEI/text/body/listBibl/msDesc/physDesc/ab/listBibl/bibl	110r-v		existing	1571	/*/*[2]/*/*/*/*[2]/*[2]/*[3]	TEI/text/body/listBibl/msDesc/msContents/msItem/locus	110r-v	
1570	jalit-orgmanuscript1571	/*/*[2]/*/*/*/*[3]/*[2]/*[2]/*	TEI/text/body/listBibl/msDesc/physDesc/ab/listBibl/bibl	125r-v		existing	1571	/*/*[2]/*/*/*/*[2]/*[2]/*[4]	TEI/text/body/listBibl/msDesc/msContents/msItem/locus	125r-v	
1570	jalit-orgmanuscript1571	/*/*[2]/*/*/*/*[3]/*[2]/*[2]/*	TEI/text/body/listBibl/msDesc/physDesc/ab/listBibl/bibl	150r	158v	existing	1571	/*/*[2]/*/*/*/*[2]/*[2]/*[5]	TEI/text/body/listBibl/msDesc/msContents/msItem/locus	150r	158v
1571	jalit-orgmanuscript1570	/*/*[2]/*/*/*/*[3]/*[1]/*[2]/*	TEI/text/body/listBibl/msDesc/physDesc/ab/listBibl/bibl	5r-v		existing	1570	/*/*[2]/*/*/*/*[2]/*[2]/*[1]	TEI/text/body/listBibl/msDesc/msContents/msItem/locus	5r-v	
1575	jalit-orgmanuscript1578	/*/*[2]/*/*/*/*[3]/*[1]/*[2]/*[1]	TEI/text/body/listBibl/msDesc/physDesc/ab/listBibl/bibl	1r	1v	existing	1578	/*/*[2]/*/*/*/*[2]/*[2]/*[1]	TEI/text/body/listBibl/msDesc/msContents/msItem/locus	1r	1v
1575	jalit-orgmanuscript1577	/*/*[2]/*/*/*/*[3]/*[1]/*[2]/*[2]	TEI/text/body/listBibl/msDesc/physDesc/ab/listBibl/bibl	23r	23v	existing	1577	/*/*[2]/*/*/*/*[2]/*[2]/*[1]	TEI/text/body/listBibl/msDesc/msContents/msItem/locus	23r	23v
1575	jalit-orgmanuscript1576	/*/*[2]/*/*/*/*[3]/*[1]/*[2]/*[3]	TEI/text/body/listBibl/msDesc/physDesc/ab/listBibl/bibl	7r	8v	existing	1576	/*/*[2]/*/*/*/*[2]/*[2]/*[1]	TEI/text/body/listBibl/msDesc/msContents/msItem/locus	7r	8v
1575	jalit-orgmanuscript313	/*/*[2]/*/*/*/*[3]/*[1]/*[2]/*[4]	TEI/text/body/listBibl/msDesc/physDesc/ab/listBibl/bibl	1r	1v	existing	313	/*/*[2]/*/*/*/*[2]/*[2]/*[1]	TEI/text/body/listBibl/msDesc/msContents/msItem/locus	1r	1v
1575	jalit-orgmanuscript311	/*/*[2]/*/*/*/*[3]/*[1]/*[2]/*[5]	TEI/text/body/listBibl/msDesc/physDesc/ab/listBibl/bibl	1r	1v	existing	311	/*/*[2]/*/*/*/*[2]/*[2]/*[1]	TEI/text/body/listBibl/msDesc/msContents/msItem/locus	1r	1v
1575	jalit-orgmanuscript345	/*/*[2]/*/*/*/*[3]/*[1]/*[2]/*[6]	TEI/text/body/listBibl/msDesc/physDesc/ab/listBibl/bibl	1r	3v	existing	345	/*/*[2]/*/*/*/*[2]/*[2]/*[1]	TEI/text/body/listBibl/msDesc/msContents/msItem/locus	1r	3v
1575	jalit-orgmanuscript360	/*/*[2]/*/*/*/*[3]/*[1]/*[2]/*[7]	TEI/text/body/listBibl/msDesc/physDesc/ab/listBibl/bibl	1r	36v	existing	360	/*/*[2]/*/*/*/*[2]/*[2]/*[1]	TEI/text/body/listBibl/msDesc/msContents/msItem/locus	1r	36v
1576	jalit-orgmanuscript1578	/*/*[2]/*/*/*/*[3]/*[1]/*[2]/*[1]	TEI/text/body/listBibl/msDesc/physDesc/ab/listBibl/bibl	1r	1v	existing	1578	/*/*[2]/*/*/*/*[2]/*[2]/*[1]	TEI/text/body/listBibl/msDesc/msContents/msItem/locus	1r	1v
1576	jalit-orgmanuscript1577	/*/*[2]/*/*/*/*[3]/*[1]/*[2]/*[2]	TEI/text/body/listBibl/msDesc/physDesc/ab/listBibl/bibl	23r	23v	existing	1577	/*/*[2]/*/*/*/*[2]/*[2]/*[1]	TEI/text/body/listBibl/msDesc/msContents/msItem/locus	23r	23v
1576	jalit-orgmanuscript1575	/*/*[2]/*/*/*/*[3]/*[1]/*[2]/*[3]	TEI/text/body/listBibl/msDesc/physDesc/ab/listBibl/bibl	1r	1v	existing	1575	/*/*[2]/*/*/*/*[2]/*[2]/*[1]	TEI/text/body/listBibl/msDesc/msContents/msItem/locus	1r	1v
1576	jalit-orgmanuscript313	/*/*[2]/*/*/*/*[3]/*[1]/*[2]/*[4]	TEI/text/body/listBibl/msDesc/physDesc/ab/listBibl/bibl	1r	1v	existing	313	/*/*[2]/*/*/*/*[2]/*[2]/*[1]	TEI/text/body/listBibl/msDesc/msContents/msItem/locus	1r	1v
1576	jalit-orgmanuscript311	/*/*[2]/*/*/*/*[3]/*[1]/*[2]/*[5]	TEI/text/body/listBibl/msDesc/physDesc/ab/listBibl/bibl	1r	1v	existing	311	/*/*[2]/*/*/*/*[2]/*[2]/*[1]	TEI/text/body/listBibl/msDesc/msContents/msItem/locus	1r	1v
1576	jalit-orgmanuscript345	/*/*[2]/*/*/*/*[3]/*[1]/*[2]/*[6]	TEI/text/body/listBibl/msDesc/physDesc/ab/listBibl/bibl	1r	3v	existing	345	/*/*[2]/*/*/*/*[2]/*[2]/*[1]	TEI/text/body/listBibl/msDesc/msContents/msItem/locus	1r	3v
1576	jalit-orgmanuscript360	/*/*[2]/*/*/*/*[3]/*[1]/*[2]/*[7]	TEI/text/body/listBibl/msDesc/physDesc/ab/listBibl/bibl	1r	36v	existing	360	/*/*[2]/*/*/*/*[2]/*[2]/*[1]	TEI/text/body/listBibl/msDesc/msContents/msItem/locus	1r	36v
1577	jalit-orgmanuscript1578	/*/*[2]/*/*/*/*[3]/*[1]/*[2]/*[1]	TEI/text/body/listBibl/msDesc/physDesc/ab/listBibl/bibl	1r	1v	existing	1578	/*/*[2]/*/*/*/*[2]/*[2]/*[1]	TEI/text/body/listBibl/msDesc/msContents/msItem/locus	1r	1v
1577	jalit-orgmanuscript1576	/*/*[2]/*/*/*/*[3]/*[1]/*[2]/*[2]	TEI/text/body/listBibl/msDesc/physDesc/ab/listBibl/bibl	7r	8v	existing	1576	/*/*[2]/*/*/*/*[2]/*[2]/*[1]	TEI/text/body/listBibl/msDesc/msContents/msItem/locus	7r	8v
1577	jalit-orgmanuscript1575	/*/*[2]/*/*/*/*[3]/*[1]/*[2]/*[3]	TEI/text/body/listBibl/msDesc/physDesc/ab/listBibl/bibl	1r	1v	existing	1575	/*/*[2]/*/*/*/*[2]/*[2]/*[1]	TEI/text/body/listBibl/msDesc/msContents/msItem/locus	1r	1v
1577	jalit-orgmanuscript313	/*/*[2]/*/*/*/*[3]/*[1]/*[2]/*[4]	TEI/text/body/listBibl/msDesc/physDesc/ab/listBibl/bibl	1r	1v	existing	313	/*/*[2]/*/*/*/*[2]/*[2]/*[1]	TEI/text/body/listBibl/msDesc/msContents/msItem/locus	1r	1v
1577	jalit-orgmanuscript311	/*/*[2]/*/*/*/*[3]/*[1]/*[2]/*[5]	TEI/text/body/listBibl/msDesc/physDesc/ab/listBibl/bibl	1r	1v	existing	311	/*/*[2]/*/*/*/*[2]/*[2]/*[1]	TEI/text/body/listBibl/msDesc/msContents/msItem/locus	1r	1v
1577	jalit-orgmanuscript345	/*/*[2]/*/*/*/*[3]/*[1]/*[2]/*[6]	TEI/text/body/listBibl/msDesc/physDesc/ab/listBibl/bibl	1r	3v	existing	345	/*/*[2]/*/*/*/*[2]/*[2]/*[1]	TEI/text/body/listBibl/msDesc/msContents/msItem/locus	1r	3v
1577	jalit-orgmanuscript360	/*/*[2]/*/*/*/*[3]/*[1]/*[2]/*[7]	TEI/text/body/listBibl/msDesc/physDesc/ab/listBibl/bibl	1r	36v	existing	360	/*/*[2]/*/*/*/*[2]/*[2]/*[1]	TEI/text/body/listBibl/msDesc/msContents/msItem/locus	1r	36v
1578	jalit-orgmanuscript1577	/*/*[2]/*/*/*/*[3]/*[1]/*[2]/*[1]	TEI/text/body/listBibl/msDesc/physDesc/ab/listBibl/bibl	23r	23v	existing	1577	/*/*[2]/*/*/*/*[2]/*[2]/*[1]	TEI/text/body/listBibl/msDesc/msContents/msItem/locus	23r	23v
1578	jalit-orgmanuscript1576	/*/*[2]/*/*/*/*[3]/*[1]/*[2]/*[2]	TEI/text/body/listBibl/msDesc/physDesc/ab/listBibl/bibl	7r	8v	existing	1576	/*/*[2]/*/*/*/*[2]/*[2]/*[1]	TEI/text/body/listBibl/msDesc/msContents/msItem/locus	7r	8v
1578	jalit-orgmanuscript1575	/*/*[2]/*/*/*/*[3]/*[1]/*[2]/*[3]	TEI/text/body/listBibl/msDesc/physDesc/ab/listBibl/bibl	1r	1v	existing	1575	/*/*[2]/*/*/*/*[2]/*[2]/*[1]	TEI/text/body/listBibl/msDesc/msContents/msItem/locus	1r	1v
1578	jalit-orgmanuscript313	/*/*[2]/*/*/*/*[3]/*[1]/*[2]/*[4]	TEI/text/body/listBibl/msDesc/physDesc/ab/listBibl/bibl	1r	1v	existing	313	/*/*[2]/*/*/*/*[2]/*[2]/*[1]	TEI/text/body/listBibl/msDesc/msContents/msItem/locus	1r	1v
1578	jalit-orgmanuscript311	/*/*[2]/*/*/*/*[3]/*[1]/*[2]/*[5]	TEI/text/body/listBibl/msDesc/physDesc/ab/listBibl/bibl	1r	1v	existing	311	/*/*[2]/*/*/*/*[2]/*[2]/*[1]	TEI/text/body/listBibl/msDesc/msContents/msItem/locus	1r	1v
1578	jalit-orgmanuscript345	/*/*[2]/*/*/*/*[3]/*[1]/*[2]/*[6]	TEI/text/body/listBibl/msDesc/physDesc/ab/listBibl/bibl	1r	3v	existing	345	/*/*[2]/*/*/*/*[2]/*[2]/*[1]	TEI/text/body/listBibl/msDesc/msContents/msItem/locus	1r	3v
1578	jalit-orgmanuscript360	/*/*[2]/*/*/*/*[3]/*[1]/*[2]/*[7]	TEI/text/body/listBibl/msDesc/physDesc/ab/listBibl/bibl	1r	36v	existing	360	/*/*[2]/*/*/*/*[2]/*[2]/*[1]	TEI/text/body/listBibl/msDesc/msContents/msItem/locus	1r	36v
1580	jalit-orgmanuscript1583	/*/*[2]/*/*/*/*[3]/*[1]/*[2]/*[1]	TEI/text/body/listBibl/msDesc/physDesc/ab/listBibl/bibl	1r	1v	existing	1583	/*/*[2]/*/*/*/*[2]/*[2]/*[1]	TEI/text/body/listBibl/msDesc/msContents/msItem/locus	1r	1v
1580	jalit-orgmanuscript1582	/*/*[2]/*/*/*/*[3]/*[1]/*[2]/*[2]	TEI/text/body/listBibl/msDesc/physDesc/ab/listBibl/bibl	1r	2v	existing	1582	/*/*[2]/*/*/*/*[2]/*[2]/*[1]	TEI/text/body/listBibl/msDesc/msContents/msItem/locus	1r	2v
1580	jalit-orgmanuscript1581	/*/*[2]/*/*/*/*[3]/*[1]/*[2]/*[3]	TEI/text/body/listBibl/msDesc/physDesc/ab/listBibl/bibl	1r	9v	existing	1581	/*/*[2]/*/*/*/*[2]/*[2]/*[1]	TEI/text/body/listBibl/msDesc/msContents/msItem/locus	1r	9v
1580	jalit-orgmanuscript353	/*/*[2]/*/*/*/*[3]/*[1]/*[2]/*[4]	TEI/text/body/listBibl/msDesc/physDesc/ab/listBibl/bibl	1r	114v	existing	353	/*/*[2]/*/*/*/*[2]/*[2]/*[1]	TEI/text/body/listBibl/msDesc/msContents/msItem/locus	1r	114v
1581	jalit-orgmanuscript1583	/*/*[2]/*/*/*/*[3]/*[1]/*[2]/*[1]	TEI/text/body/listBibl/msDesc/physDesc/ab/listBibl/bibl	1r	1v	existing	1583	/*/*[2]/*/*/*/*[2]/*[2]/*[1]	TEI/text/body/listBibl/msDesc/msContents/msItem/locus	1r	1v
1581	jalit-orgmanuscript1582	/*/*[2]/*/*/*/*[3]/*[1]/*[2]/*[2]	TEI/text/body/listBibl/msDesc/physDesc/ab/listBibl/bibl	1r	2v	existing	1582	/*/*[2]/*/*/*/*[2]/*[2]/*[1]	TEI/text/body/listBibl/msDesc/msContents/msItem/locus	1r	2v
1581	jalit-orgmanuscript1580	/*/*[2]/*/*/*/*[3]/*[1]/*[2]/*[3]	TEI/text/body/listBibl/msDesc/physDesc/ab/listBibl/bibl	17r	17v	existing	1580	/*/*[2]/*/*/*/*[2]/*[2]/*[1]	TEI/text/body/listBibl/msDesc/msContents/msItem/locus	17r	17v
1581	jalit-orgmanuscript353	/*/*[2]/*/*/*/*[3]/*[1]/*[2]/*[4]	TEI/text/body/listBibl/msDesc/physDesc/ab/listBibl/bibl	1r	114v	existing	353	/*/*[2]/*/*/*/*[2]/*[2]/*[1]	TEI/text/body/listBibl/msDesc/msContents/msItem/locus	1r	114v
1582	jalit-orgmanuscript1583	/*/*[2]/*/*/*/*[3]/*[1]/*[2]/*[1]	TEI/text/body/listBibl/msDesc/physDesc/ab/listBibl/bibl	1r	1v	existing	1583	/*/*[2]/*/*/*/*[2]/*[2]/*[1]	TEI/text/body/listBibl/msDesc/msContents/msItem/locus	1r	1v
1582	jalit-orgmanuscript1581	/*/*[2]/*/*/*/*[3]/*[1]/*[2]/*[2]	TEI/text/body/listBibl/msDesc/physDesc/ab/listBibl/bibl	1r	9v	existing	1581	/*/*[2]/*/*/*/*[2]/*[2]/*[1]	TEI/text/body/listBibl/msDesc/msContents/msItem/locus	1r	9v
1582	jalit-orgmanuscript1580	/*/*[2]/*/*/*/*[3]/*[1]/*[2]/*[3]	TEI/text/body/listBibl/msDesc/physDesc/ab/listBibl/bibl	17r	17v	existing	1580	/*/*[2]/*/*/*/*[2]/*[2]/*[1]	TEI/text/body/listBibl/msDesc/msContents/msItem/locus	17r	17v
1582	jalit-orgmanuscript353	/*/*[2]/*/*/*/*[3]/*[1]/*[2]/*[4]	TEI/text/body/listBibl/msDesc/physDesc/ab/listBibl/bibl	1r	114v	existing	353	/*/*[2]/*/*/*/*[2]/*[2]/*[1]	TEI/text/body/listBibl/msDesc/msContents/msItem/locus	1r	114v
1583	jalit-orgmanuscript1582	/*/*[2]/*/*/*/*[3]/*[1]/*[2]/*[1]	TEI/text/body/listBibl/msDesc/physDesc/ab/listBibl/bibl	1r	2v	existing	1582	/*/*[2]/*/*/*/*[2]/*[2]/*[1]	TEI/text/body/listBibl/msDesc/msContents/msItem/locus	1r	2v
1583	jalit-orgmanuscript1581	/*/*[2]/*/*/*/*[3]/*[1]/*[2]/*[2]	TEI/text/body/listBibl/msDesc/physDesc/ab/listBibl/bibl	1r	9v	existing	1581	/*/*[2]/*/*/*/*[2]/*[2]/*[1]	TEI/text/body/listBibl/msDesc/msContents/msItem/locus	1r	9v
1583	jalit-orgmanuscript1580	/*/*[2]/*/*/*/*[3]/*[1]/*[2]/*[3]	TEI/text/body/listBibl/msDesc/physDesc/ab/listBibl/bibl	17r	17v	existing	1580	/*/*[2]/*/*/*/*[2]/*[2]/*[1]	TEI/text/body/listBibl/msDesc/msContents/msItem/locus	17r	17v
1583	jalit-orgmanuscript353	/*/*[2]/*/*/*/*[3]/*[1]/*[2]/*[4]	TEI/text/body/listBibl/msDesc/physDesc/ab/listBibl/bibl	1r	114v	existing	353	/*/*[2]/*/*/*/*[2]/*[2]/*[1]	TEI/text/body/listBibl/msDesc/msContents/msItem/locus	1r	114v
305		/*/*[2]/*/*/*/*[3]/*[1]/*[2]/*[1]	TEI/text/body/listBibl/msDesc/physDesc/ab/listBibl/bibl	1r	1v	existing	308	/*/*[2]/*/*/*/*[2]/*[2]/*[1]	TEI/text/body/listBibl/msDesc/msContents/msItem/locus	1r	1v
305		/*/*[2]/*/*/*/*[3]/*[1]/*[2]/*[2]	TEI/text/body/listBibl/msDesc/physDesc/ab/listBibl/bibl	68r-v, 105r	160v	existing	306	/*/*[2]/*/*/*/*[2]/*[3]/*[1]	TEI/text/body/listBibl/msDesc/msContents/msItem/locus	68r-v, 105r	160v
306	jalit-orgmanuscript305	/*/*[2]/*/*/*/*[3]/*[1]/*[2]/*[1]	TEI/text/body/listBibl/msDesc/physDesc/ab/listBibl/bibl	1r	3v	existing	305	/*/*[2]/*/*/*/*[2]/*[2]/*[1]	TEI/text/body/listBibl/msDesc/msContents/msItem/locus	1r	3v
306	jalit-orgmanuscript308	/*/*[2]/*/*/*/*[3]/*[1]/*[2]/*[2]	TEI/text/body/listBibl/msDesc/physDesc/ab/listBibl/bibl	1r	1v	existing	308	/*/*[2]/*/*/*/*[2]/*[2]/*[1]	TEI/text/body/listBibl/msDesc/msContents/msItem/locus	1r	1v
308		/*/*[2]/*/*/*/*[3]/*[1]/*[2]/*[1]	TEI/text/body/listBibl/msDesc/physDesc/ab/listBibl/bibl	68r-v, 105r	160v	existing	306	/*/*[2]/*/*/*/*[2]/*[3]/*[1]	TEI/text/body/listBibl/msDesc/msContents/msItem/locus	68r-v, 105r	160v
308		/*/*[2]/*/*/*/*[3]/*[1]/*[2]/*[2]	TEI/text/body/listBibl/msDesc/physDesc/ab/listBibl/bibl	1r	3v	existing	305	/*/*[2]/*/*/*/*[2]/*[2]/*[1]	TEI/text/body/listBibl/msDesc/msContents/msItem/locus	1r	3v
311	jalit-orgmanuscript1578	/*/*[2]/*/*/*/*[3]/*[1]/*[2]/*[1]	TEI/text/body/listBibl/msDesc/physDesc/ab/listBibl/bibl	1r	1v	existing	1578	/*/*[2]/*/*/*/*[2]/*[2]/*[1]	TEI/text/body/listBibl/msDesc/msContents/msItem/locus	1r	1v
311	jalit-orgmanuscript1577	/*/*[2]/*/*/*/*[3]/*[1]/*[2]/*[2]	TEI/text/body/listBibl/msDesc/physDesc/ab/listBibl/bibl	23r	23v	existing	1577	/*/*[2]/*/*/*/*[2]/*[2]/*[1]	TEI/text/body/listBibl/msDesc/msContents/msItem/locus	23r	23v
311	jalit-orgmanuscript1576	/*/*[2]/*/*/*/*[3]/*[1]/*[2]/*[3]	TEI/text/body/listBibl/msDesc/physDesc/ab/listBibl/bibl	7r	8v	existing	1576	/*/*[2]/*/*/*/*[2]/*[2]/*[1]	TEI/text/body/listBibl/msDesc/msContents/msItem/locus	7r	8v
311	jalit-orgmanuscript1575	/*/*[2]/*/*/*/*[3]/*[1]/*[2]/*[4]	TEI/text/body/listBibl/msDesc/physDesc/ab/listBibl/bibl	1r	1v	existing	1575	/*/*[2]/*/*/*/*[2]/*[2]/*[1]	TEI/text/body/listBibl/msDesc/msContents/msItem/locus	1r	1v
311	jalit-orgmanuscript313	/*/*[2]/*/*/*/*[3]/*[1]/*[2]/*[5]	TEI/text/body/listBibl/msDesc/physDesc/ab/listBibl/bibl	1r	1v	existing	313	/*/*[2]/*/*/*/*[2]/*[2]/*[1]	TEI/text/body/listBibl/msDesc/msContents/msItem/locus	1r	1v
311	jalit-orgmanuscript345	/*/*[2]/*/*/*/*[3]/*[1]/*[2]/*[6]	TEI/text/body/listBibl/msDesc/physDesc/ab/listBibl/bibl	1r	3v	existing	345	/*/*[2]/*/*/*/*[2]/*[2]/*[1]	TEI/text/body/listBibl/msDesc/msContents/msItem/locus	1r	3v
311	jalit-orgmanuscript360	/*/*[2]/*/*/*/*[3]/*[1]/*[2]/*[7]	TEI/text/body/listBibl/msDesc/physDesc/ab/listBibl/bibl	1r	36v	existing	360	/*/*[2]/*/*/*/*[2]/*[2]/*[1]	TEI/text/body/listBibl/msDesc/msContents/msItem/locus	1r	36v
313	jalit-orgmanuscript1578	/*/*[2]/*/*/*/*[3]/*[1]/*[2]/*[1]	TEI/text/body/listBibl/msDesc/physDesc/ab/listBibl/bibl	1r	1v	existing	1578	/*/*[2]/*/*/*/*[2]/*[2]/*[1]	TEI/text/body/listBibl/msDesc/msContents/msItem/locus	1r	1v
313	jalit-orgmanuscript1577	/*/*[2]/*/*/*/*[3]/*[1]/*[2]/*[2]	TEI/text/body/listBibl/msDesc/physDesc/ab/listBibl/bibl	23r	23v	existing	1577	/*/*[2]/*/*/*/*[2]/*[2]/*[1]	TEI/text/body/listBibl/msDesc/msContents/msItem/locus	23r	23v
313	jalit-orgmanuscript1576	/*/*[2]/*/*/*/*[3]/*[1]/*[2]/*[3]	TEI/text/body/listBibl/msDesc/physDesc/ab/listBibl/bibl	7r	8v	existing	1576	/*/*[2]/*/*/*/*[2]/*[2]/*[1]	TEI/text/body/listBibl/msDesc/msContents/msItem/locus	7r	8v
313	jalit-orgmanuscript1575	/*/*[2]/*/*/*/*[3]/*[1]/*[2]/*[4]	TEI/text/body/listBibl/msDesc/physDesc/ab/listBibl/bibl	1r	1v	existing	1575	/*/*[2]/*/*/*/*[2]/*[2]/*[1]	TEI/text/body/listBibl/msDesc/msContents/msItem/locus	1r	1v
313	jalit-orgmanuscript311	/*/*[2]/*/*/*/*[3]/*[1]/*[2]/*[5]	TEI/text/body/listBibl/msDesc/physDesc/ab/listBibl/bibl	1r	1v	existing	311	/*/*[2]/*/*/*/*[2]/*[2]/*[1]	TEI/text/body/listBibl/msDesc/msContents/msItem/locus	1r	1v
313	jalit-orgmanuscript345	/*/*[2]/*/*/*/*[3]/*[1]/*[2]/*[6]	TEI/text/body/listBibl/msDesc/physDesc/ab/listBibl/bibl	1r	3v	existing	345	/*/*[2]/*/*/*/*[2]/*[2]/*[1]	TEI/text/body/listBibl/msDesc/msContents/msItem/locus	1r	3v
313	jalit-orgmanuscript360	/*/*[2]/*/*/*/*[3]/*[1]/*[2]/*[7]	TEI/text/body/listBibl/msDesc/physDesc/ab/listBibl/bibl	1r	36v	existing	360	/*/*[2]/*/*/*/*[2]/*[2]/*[1]	TEI/text/body/listBibl/msDesc/msContents/msItem/locus	1r	36v
341	jalit-orgmanuscript630	/*/*[2]/*/*/*/*[3]/*[1]/*[2]/*[1]	TEI/text/body/listBibl/msDesc/physDesc/ab/listBibl/bibl	1r	12v	existing	630	/*/*[2]/*/*/*/*[2]/*[2]/*[1]	TEI/text/body/listBibl/msDesc/msContents/msItem/locus	1r	12v
341	jalit-orgmanuscript1469	/*/*[2]/*/*/*/*[3]/*[1]/*[2]/*[2]	TEI/text/body/listBibl/msDesc/physDesc/ab/listBibl/bibl	1r	16v	existing	1469	/*/*[2]/*/*/*/*[2]/*[2]/*[1]	TEI/text/body/listBibl/msDesc/msContents/msItem/locus	1r	16v
341	jalit-orgmanuscript511	/*/*[2]/*/*/*/*[3]/*[1]/*[2]/*[3]	TEI/text/body/listBibl/msDesc/physDesc/ab/listBibl/bibl	1r	9v	existing	511	/*/*[2]/*/*/*/*[2]/*[2]/*[1]	TEI/text/body/listBibl/msDesc/msContents/msItem/locus	1r	9v
341	jalit-orgmanuscript511	/*/*[2]/*/*/*/*[3]/*[1]/*[2]/*[3]	TEI/text/body/listBibl/msDesc/physDesc/ab/listBibl/bibl	32r	36v	existing	511	/*/*[2]/*/*/*/*[2]/*[2]/*[2]	TEI/text/body/listBibl/msDesc/msContents/msItem/locus	32r	36v
341	jalit-orgmanuscript511	/*/*[2]/*/*/*/*[3]/*[1]/*[2]/*[3]	TEI/text/body/listBibl/msDesc/physDesc/ab/listBibl/bibl	45r	109v	existing	511	/*/*[2]/*/*/*/*[2]/*[2]/*[3]	TEI/text/body/listBibl/msDesc/msContents/msItem/locus	45r	109v
341	jalit-orgmanuscript511	/*/*[2]/*/*/*/*[3]/*[1]/*[2]/*[3]	TEI/text/body/listBibl/msDesc/physDesc/ab/listBibl/bibl	111r	124v	existing	511	/*/*[2]/*/*/*/*[2]/*[2]/*[4]	TEI/text/body/listBibl/msDesc/msContents/msItem/locus	111r	124v
341	jalit-orgmanuscript511	/*/*[2]/*/*/*/*[3]/*[1]/*[2]/*[3]	TEI/text/body/listBibl/msDesc/physDesc/ab/listBibl/bibl	126r	149v	existing	511	/*/*[2]/*/*/*/*[2]/*[2]/*[5]	TEI/text/body/listBibl/msDesc/msContents/msItem/locus	126r	149v
341	jalit-orgmanuscript641	/*/*[2]/*/*/*/*[3]/*[1]/*[2]/*[4]	TEI/text/body/listBibl/msDesc/physDesc/ab/listBibl/bibl	1r	5v	existing	641	/*/*[2]/*/*/*/*[2]/*[2]/*[1]	TEI/text/body/listBibl/msDesc/msContents/msItem/locus	1r	5v
341	jalit-orgmanuscript366	/*/*[2]/*/*/*/*[3]/*[1]/*[2]/*[5]	TEI/text/body/listBibl/msDesc/physDesc/ab/listBibl/bibl	1r	4v	existing	366	/*/*[2]/*/*/*/*[2]/*[2]/*[1]	TEI/text/body/listBibl/msDesc/msContents/msItem/locus	1r	4v
341	jalit-orgmanuscript366	/*/*[2]/*/*/*/*[3]/*[1]/*[2]/*[5]	TEI/text/body/listBibl/msDesc/physDesc/ab/listBibl/bibl	6r	28v	existing	366	/*/*[2]/*/*/*/*[2]/*[2]/*[2]	TEI/text/body/listBibl/msDesc/msContents/msItem/locus	6r	28v
342	jalit-orgmanuscript1319	/*/*[2]/*/*/*/*[3]/*[1]/*[2]/*[1]	TEI/text/body/listBibl/msDesc/physDesc/ab/listBibl/bibl	2r	4v	existing	1319	/*/*[2]/*/*/*/*[2]/*[2]/*[1]	TEI/text/body/listBibl/msDesc/msContents/msItem/locus	2r	4v
342	jalit-orgmanuscript358	/*/*[2]/*/*/*/*[3]/*[1]/*[2]/*[2]	TEI/text/body/listBibl/msDesc/physDesc/ab/listBibl/bibl	1r	75v	existing	358	/*/*[2]/*/*/*/*[2]/*[2]/*[1]	TEI/text/body/listBibl/msDesc/msContents/msItem/locus	1r	75v
342	jalit-orgmanuscript364	/*/*[2]/*/*/*/*[3]/*[1]/*[2]/*[3]	TEI/text/body/listBibl/msDesc/physDesc/ab/listBibl/bibl	1r	1v	existing	364	/*/*[2]/*/*/*/*[2]/*[2]/*[1]	TEI/text/body/listBibl/msDesc/msContents/msItem/locus	1r	1v
342	jalit-orgmanuscript365	/*/*[2]/*/*/*/*[3]/*[1]/*[2]/*[4]	TEI/text/body/listBibl/msDesc/physDesc/ab/listBibl/bibl	1r	8v	existing	365	/*/*[2]/*/*/*/*[2]/*[2]/*[1]	TEI/text/body/listBibl/msDesc/msContents/msItem/locus	1r	8v
345	jalit-orgmanuscript1578	/*/*[2]/*/*/*/*[3]/*[1]/*[2]/*[1]	TEI/text/body/listBibl/msDesc/physDesc/ab/listBibl/bibl	1r	1v	existing	1578	/*/*[2]/*/*/*/*[2]/*[2]/*[1]	TEI/text/body/listBibl/msDesc/msContents/msItem/locus	1r	1v
345	jalit-orgmanuscript1577	/*/*[2]/*/*/*/*[3]/*[1]/*[2]/*[2]	TEI/text/body/listBibl/msDesc/physDesc/ab/listBibl/bibl	23r	23v	existing	1577	/*/*[2]/*/*/*/*[2]/*[2]/*[1]	TEI/text/body/listBibl/msDesc/msContents/msItem/locus	23r	23v
345	jalit-orgmanuscript1576	/*/*[2]/*/*/*/*[3]/*[1]/*[2]/*[3]	TEI/text/body/listBibl/msDesc/physDesc/ab/listBibl/bibl	7r	8v	existing	1576	/*/*[2]/*/*/*/*[2]/*[2]/*[1]	TEI/text/body/listBibl/msDesc/msContents/msItem/locus	7r	8v
345	jalit-orgmanuscript1575	/*/*[2]/*/*/*/*[3]/*[1]/*[2]/*[4]	TEI/text/body/listBibl/msDesc/physDesc/ab/listBibl/bibl	1r	1v	existing	1575	/*/*[2]/*/*/*/*[2]/*[2]/*[1]	TEI/text/body/listBibl/msDesc/msContents/msItem/locus	1r	1v
345	jalit-orgmanuscript313	/*/*[2]/*/*/*/*[3]/*[1]/*[2]/*[5]	TEI/text/body/listBibl/msDesc/physDesc/ab/listBibl/bibl	1r	1v	existing	313	/*/*[2]/*/*/*/*[2]/*[2]/*[1]	TEI/text/body/listBibl/msDesc/msContents/msItem/locus	1r	1v
345	jalit-orgmanuscript311	/*/*[2]/*/*/*/*[3]/*[1]/*[2]/*[6]	TEI/text/body/listBibl/msDesc/physDesc/ab/listBibl/bibl	1r	1v	existing	311	/*/*[2]/*/*/*/*[2]/*[2]/*[1]	TEI/text/body/listBibl/msDesc/msContents/msItem/locus	1r	1v
345	jalit-orgmanuscript360	/*/*[2]/*/*/*/*[3]/*[1]/*[2]/*[7]	TEI/text/body/listBibl/msDesc/physDesc/ab/listBibl/bibl	1r	36v	existing	360	/*/*[2]/*/*/*/*[2]/*[2]/*[1]	TEI/text/body/listBibl/msDesc/msContents/msItem/locus	1r	36v
353	jalit-orgmanuscript1583	/*/*[2]/*/*/*/*[3]/*[1]/*[2]/*[1]	TEI/text/body/listBibl/msDesc/physDesc/ab/listBibl/bibl	1r	1v	existing	1583	/*/*[2]/*/*/*/*[2]/*[2]/*[1]	TEI/text/body/listBibl/msDesc/msContents/msItem/locus	1r	1v
353	jalit-orgmanuscript1582	/*/*[2]/*/*/*/*[3]/*[1]/*[2]/*[2]	TEI/text/body/listBibl/msDesc/physDesc/ab/listBibl/bibl	1r	2v	existing	1582	/*/*[2]/*/*/*/*[2]/*[2]/*[1]	TEI/text/body/listBibl/msDesc/msContents/msItem/locus	1r	2v
353	jalit-orgmanuscript1581	/*/*[2]/*/*/*/*[3]/*[1]/*[2]/*[3]	TEI/text/body/listBibl/msDesc/physDesc/ab/listBibl/bibl	1r	9v	existing	1581	/*/*[2]/*/*/*/*[2]/*[2]/*[1]	TEI/text/body/listBibl/msDesc/msContents/msItem/locus	1r	9v
353	jalit-orgmanuscript1580	/*/*[2]/*/*/*/*[3]/*[1]/*[2]/*[4]	TEI/text/body/listBibl/msDesc/physDesc/ab/listBibl/bibl	17r	17v	existing	1580	/*/*[2]/*/*/*/*[2]/*[2]/*[1]	TEI/text/body/listBibl/msDesc/msContents/msItem/locus	17r	17v
356	jalit-orgmanuscript1360	/*/*[2]/*/*/*/*[3]/*[1]/*[2]/*	TEI/text/body/listBibl/msDesc/physDesc/ab/listBibl/bibl	1r	46v	existing	1360	/*/*[2]/*/*/*/*[2]/*[2]/*[1]	TEI/text/body/listBibl/msDesc/msContents/msItem/locus	1r	46v
358	jalit-orgmanuscript364	/*/*[2]/*/*/*/*[3]/*[1]/*[1]/*	TEI/text/body/listBibl/msDesc/physDesc/ab/listBibl/bibl	1r	1v	existing	364	/*/*[2]/*/*/*/*[2]/*[2]/*[1]	TEI/text/body/listBibl/msDesc/msContents/msItem/locus	1r	1v
358	jalit-orgmanuscript342	/*/*[2]/*/*/*/*[3]/*[1]/*[3]/*[1]	TEI/text/body/listBibl/msDesc/physDesc/ab/listBibl/bibl	1r	1v	existing	342	/*/*[2]/*/*/*/*[2]/*[2]/*[1]	TEI/text/body/listBibl/msDesc/msContents/msItem/locus	1r	1v
358	jalit-orgmanuscript1319	/*/*[2]/*/*/*/*[3]/*[1]/*[3]/*[2]	TEI/text/body/listBibl/msDesc/physDesc/ab/listBibl/bibl	2r	4v	existing	1319	/*/*[2]/*/*/*/*[2]/*[2]/*[1]	TEI/text/body/listBibl/msDesc/msContents/msItem/locus	2r	4v
358	jalit-orgmanuscript364	/*/*[2]/*/*/*/*[3]/*[1]/*[3]/*[3]	TEI/text/body/listBibl/msDesc/physDesc/ab/listBibl/bibl	1r	1v	existing	364	/*/*[2]/*/*/*/*[2]/*[2]/*[1]	TEI/text/body/listBibl/msDesc/msContents/msItem/locus	1r	1v
358	jalit-orgmanuscript365	/*/*[2]/*/*/*/*[3]/*[1]/*[3]/*[4]	TEI/text/body/listBibl/msDesc/physDesc/ab/listBibl/bibl	1r	8v	existing	365	/*/*[2]/*/*/*/*[2]/*[2]/*[1]	TEI/text/body/listBibl/msDesc/msContents/msItem/locus	1r	8v
360	jalit-orgmanuscript1578	/*/*[2]/*/*/*/*[3]/*[1]/*[2]/*[1]	TEI/text/body/listBibl/msDesc/physDesc/ab/listBibl/bibl	1r	1v	existing	1578	/*/*[2]/*/*/*/*[2]/*[2]/*[1]	TEI/text/body/listBibl/msDesc/msContents/msItem/locus	1r	1v
360	jalit-orgmanuscript1577	/*/*[2]/*/*/*/*[3]/*[1]/*[2]/*[2]	TEI/text/body/listBibl/msDesc/physDesc/ab/listBibl/bibl	23r	23v	existing	1577	/*/*[2]/*/*/*/*[2]/*[2]/*[1]	TEI/text/body/listBibl/msDesc/msContents/msItem/locus	23r	23v
360	jalit-orgmanuscript1576	/*/*[2]/*/*/*/*[3]/*[1]/*[2]/*[3]	TEI/text/body/listBibl/msDesc/physDesc/ab/listBibl/bibl	7r	8v	existing	1576	/*/*[2]/*/*/*/*[2]/*[2]/*[1]	TEI/text/body/listBibl/msDesc/msContents/msItem/locus	7r	8v
360	jalit-orgmanuscript1575	/*/*[2]/*/*/*/*[3]/*[1]/*[2]/*[4]	TEI/text/body/listBibl/msDesc/physDesc/ab/listBibl/bibl	1r	1v	existing	1575	/*/*[2]/*/*/*/*[2]/*[2]/*[1]	TEI/text/body/listBibl/msDesc/msContents/msItem/locus	1r	1v
360	jalit-orgmanuscript313	/*/*[2]/*/*/*/*[3]/*[1]/*[2]/*[5]	TEI/text/body/listBibl/msDesc/physDesc/ab/listBibl/bibl	1r	1v	existing	313	/*/*[2]/*/*/*/*[2]/*[2]/*[1]	TEI/text/body/listBibl/msDesc/msContents/msItem/locus	1r	1v
360	jalit-orgmanuscript311	/*/*[2]/*/*/*/*[3]/*[1]/*[2]/*[6]	TEI/text/body/listBibl/msDesc/physDesc/ab/listBibl/bibl	1r	1v	existing	311	/*/*[2]/*/*/*/*[2]/*[2]/*[1]	TEI/text/body/listBibl/msDesc/msContents/msItem/locus	1r	1v
360	jalit-orgmanuscript345	/*/*[2]/*/*/*/*[3]/*[1]/*[2]/*[7]	TEI/text/body/listBibl/msDesc/physDesc/ab/listBibl/bibl	1r	3v	existing	345	/*/*[2]/*/*/*/*[2]/*[2]/*[1]	TEI/text/body/listBibl/msDesc/msContents/msItem/locus	1r	3v
364	jalit-orgmanuscript342	/*/*[2]/*/*/*/*[3]/*[1]/*[2]/*[1]	TEI/text/body/listBibl/msDesc/physDesc/ab/listBibl/bibl	1r	1v	existing	342	/*/*[2]/*/*/*/*[2]/*[2]/*[1]	TEI/text/body/listBibl/msDesc/msContents/msItem/locus	1r	1v
364	jalit-orgmanuscript1319	/*/*[2]/*/*/*/*[3]/*[1]/*[2]/*[2]	TEI/text/body/listBibl/msDesc/physDesc/ab/listBibl/bibl	2r	4v	existing	1319	/*/*[2]/*/*/*/*[2]/*[2]/*[1]	TEI/text/body/listBibl/msDesc/msContents/msItem/locus	2r	4v
364	jalit-orgmanuscript358	/*/*[2]/*/*/*/*[3]/*[1]/*[2]/*[3]	TEI/text/body/listBibl/msDesc/physDesc/ab/listBibl/bibl	1r	75v	existing	358	/*/*[2]/*/*/*/*[2]/*[2]/*[1]	TEI/text/body/listBibl/msDesc/msContents/msItem/locus	1r	75v
364	jalit-orgmanuscript365	/*/*[2]/*/*/*/*[3]/*[1]/*[2]/*[4]	TEI/text/body/listBibl/msDesc/physDesc/ab/listBibl/bibl	1r	8v	existing	365	/*/*[2]/*/*/*/*[2]/*[2]/*[1]	TEI/text/body/listBibl/msDesc/msContents/msItem/locus	1r	8v
365	jalit-orgmanuscript342	/*/*[2]/*/*/*/*[3]/*[1]/*[2]/*[1]	TEI/text/body/listBibl/msDesc/physDesc/ab/listBibl/bibl	1r	1v	existing	342	/*/*[2]/*/*/*/*[2]/*[2]/*[1]	TEI/text/body/listBibl/msDesc/msContents/msItem/locus	1r	1v
365	jalit-orgmanuscript1319	/*/*[2]/*/*/*/*[3]/*[1]/*[2]/*[2]	TEI/text/body/listBibl/msDesc/physDesc/ab/listBibl/bibl	2r	4v	existing	1319	/*/*[2]/*/*/*/*[2]/*[2]/*[1]	TEI/text/body/listBibl/msDesc/msContents/msItem/locus	2r	4v
365	jalit-orgmanuscript358	/*/*[2]/*/*/*/*[3]/*[1]/*[2]/*[3]	TEI/text/body/listBibl/msDesc/physDesc/ab/listBibl/bibl	1r	75v	existing	358	/*/*[2]/*/*/*/*[2]/*[2]/*[1]	TEI/text/body/listBibl/msDesc/msContents/msItem/locus	1r	75v
365	jalit-orgmanuscript364	/*/*[2]/*/*/*/*[3]/*[1]/*[2]/*[4]	TEI/text/body/listBibl/msDesc/physDesc/ab/listBibl/bibl	1r	1v	existing	364	/*/*[2]/*/*/*/*[2]/*[2]/*[1]	TEI/text/body/listBibl/msDesc/msContents/msItem/locus	1r	1v
366	jalit-orgmanuscript341	/*/*[2]/*/*/*/*[3]/*[1]/*[2]/*[1]	TEI/text/body/listBibl/msDesc/physDesc/ab/listBibl/bibl	1r	2v	existing	341	/*/*[2]/*/*/*/*[2]/*[2]/*[1]	TEI/text/body/listBibl/msDesc/msContents/msItem/locus	1r	2v
366	jalit-orgmanuscript630	/*/*[2]/*/*/*/*[3]/*[1]/*[2]/*[2]	TEI/text/body/listBibl/msDesc/physDesc/ab/listBibl/bibl	1r	12v	existing	630	/*/*[2]/*/*/*/*[2]/*[2]/*[1]	TEI/text/body/listBibl/msDesc/msContents/msItem/locus	1r	12v
366	jalit-orgmanuscript1469	/*/*[2]/*/*/*/*[3]/*[1]/*[2]/*[3]	TEI/text/body/listBibl/msDesc/physDesc/ab/listBibl/bibl	1r	16v	existing	1469	/*/*[2]/*/*/*/*[2]/*[2]/*[1]	TEI/text/body/listBibl/msDesc/msContents/msItem/locus	1r	16v
366	jalit-orgmanuscript511	/*/*[2]/*/*/*/*[3]/*[1]/*[2]/*[4]	TEI/text/body/listBibl/msDesc/physDesc/ab/listBibl/bibl	1r	9v	existing	511	/*/*[2]/*/*/*/*[2]/*[2]/*[1]	TEI/text/body/listBibl/msDesc/msContents/msItem/locus	1r	9v
366	jalit-orgmanuscript511	/*/*[2]/*/*/*/*[3]/*[1]/*[2]/*[4]	TEI/text/body/listBibl/msDesc/physDesc/ab/listBibl/bibl	32r	36v	existing	511	/*/*[2]/*/*/*/*[2]/*[2]/*[2]	TEI/text/body/listBibl/msDesc/msContents/msItem/locus	32r	36v
366	jalit-orgmanuscript511	/*/*[2]/*/*/*/*[3]/*[1]/*[2]/*[4]	TEI/text/body/listBibl/msDesc/physDesc/ab/listBibl/bibl	45r	109v	existing	511	/*/*[2]/*/*/*/*[2]/*[2]/*[3]	TEI/text/body/listBibl/msDesc/msContents/msItem/locus	45r	109v
366	jalit-orgmanuscript511	/*/*[2]/*/*/*/*[3]/*[1]/*[2]/*[4]	TEI/text/body/listBibl/msDesc/physDesc/ab/listBibl/bibl	111r	124v	existing	511	/*/*[2]/*/*/*/*[2]/*[2]/*[4]	TEI/text/body/listBibl/msDesc/msContents/msItem/locus	111r	124v
366	jalit-orgmanuscript511	/*/*[2]/*/*/*/*[3]/*[1]/*[2]/*[4]	TEI/text/body/listBibl/msDesc/physDesc/ab/listBibl/bibl	126r	149v	existing	511	/*/*[2]/*/*/*/*[2]/*[2]/*[5]	TEI/text/body/listBibl/msDesc/msContents/msItem/locus	126r	149v
366	jalit-orgmanuscript641	/*/*[2]/*/*/*/*[3]/*[1]/*[2]/*[5]	TEI/text/body/listBibl/msDesc/physDesc/ab/listBibl/bibl	1r	5v	existing	641	/*/*[2]/*/*/*/*[2]/*[2]/*[1]	TEI/text/body/listBibl/msDesc/msContents/msItem/locus	1r	5v
511	jalit-orgmanuscript341	/*/*[2]/*/*/*/*[3]/*[1]/*[2]/*[1]	TEI/text/body/listBibl/msDesc/physDesc/ab/listBibl/bibl	1r	2v	existing	341	/*/*[2]/*/*/*/*[2]/*[2]/*[1]	TEI/text/body/listBibl/msDesc/msContents/msItem/locus	1r	2v
511	jalit-orgmanuscript630	/*/*[2]/*/*/*/*[3]/*[1]/*[2]/*[2]	TEI/text/body/listBibl/msDesc/physDesc/ab/listBibl/bibl	1r	12v	existing	630	/*/*[2]/*/*/*/*[2]/*[2]/*[1]	TEI/text/body/listBibl/msDesc/msContents/msItem/locus	1r	12v
511	jalit-orgmanuscript1469	/*/*[2]/*/*/*/*[3]/*[1]/*[2]/*[3]	TEI/text/body/listBibl/msDesc/physDesc/ab/listBibl/bibl	1r	16v	existing	1469	/*/*[2]/*/*/*/*[2]/*[2]/*[1]	TEI/text/body/listBibl/msDesc/msContents/msItem/locus	1r	16v
511	jalit-orgmanuscript641	/*/*[2]/*/*/*/*[3]/*[1]/*[2]/*[4]	TEI/text/body/listBibl/msDesc/physDesc/ab/listBibl/bibl	1r	5v	existing	641	/*/*[2]/*/*/*/*[2]/*[2]/*[1]	TEI/text/body/listBibl/msDesc/msContents/msItem/locus	1r	5v
511	jalit-orgmanuscript366	/*/*[2]/*/*/*/*[3]/*[1]/*[2]/*[5]	TEI/text/body/listBibl/msDesc/physDesc/ab/listBibl/bibl	1r	4v	existing	366	/*/*[2]/*/*/*/*[2]/*[2]/*[1]	TEI/text/body/listBibl/msDesc/msContents/msItem/locus	1r	4v
511	jalit-orgmanuscript366	/*/*[2]/*/*/*/*[3]/*[1]/*[2]/*[5]	TEI/text/body/listBibl/msDesc/physDesc/ab/listBibl/bibl	6r	28v	existing	366	/*/*[2]/*/*/*/*[2]/*[2]/*[2]	TEI/text/body/listBibl/msDesc/msContents/msItem/locus	6r	28v
514		/*/*[2]/*/*/*/*[3]/*[1]/*[2]/*	TEI/text/body/listBibl/msDesc/physDesc/ab/listBibl/bibl	128r	132v	existing	894	/*/*[2]/*/*/*/*[2]/*[2]/*[1]	TEI/text/body/listBibl/msDesc/msContents/msItem/locus	128r	132v
630	jalit-orgmanuscript341	/*/*[2]/*/*/*/*[3]/*[1]/*[2]/*[1]	TEI/text/body/listBibl/msDesc/physDesc/ab/listBibl/bibl	1r	2v	existing	341	/*/*[2]/*/*/*/*[2]/*[2]/*[1]	TEI/text/body/listBibl/msDesc/msContents/msItem/locus	1r	2v
630	jalit-orgmanuscript1469	/*/*[2]/*/*/*/*[3]/*[1]/*[2]/*[2]	TEI/text/body/listBibl/msDesc/physDesc/ab/listBibl/bibl	1r	16v	existing	1469	/*/*[2]/*/*/*/*[2]/*[2]/*[1]	TEI/text/body/listBibl/msDesc/msContents/msItem/locus	1r	16v
630	jalit-orgmanuscript511	/*/*[2]/*/*/*/*[3]/*[1]/*[2]/*[3]	TEI/text/body/listBibl/msDesc/physDesc/ab/listBibl/bibl	1r	9v	existing	511	/*/*[2]/*/*/*/*[2]/*[2]/*[1]	TEI/text/body/listBibl/msDesc/msContents/msItem/locus	1r	9v
630	jalit-orgmanuscript511	/*/*[2]/*/*/*/*[3]/*[1]/*[2]/*[3]	TEI/text/body/listBibl/msDesc/physDesc/ab/listBibl/bibl	32r	36v	existing	511	/*/*[2]/*/*/*/*[2]/*[2]/*[2]	TEI/text/body/listBibl/msDesc/msContents/msItem/locus	32r	36v
630	jalit-orgmanuscript511	/*/*[2]/*/*/*/*[3]/*[1]/*[2]/*[3]	TEI/text/body/listBibl/msDesc/physDesc/ab/listBibl/bibl	45r	109v	existing	511	/*/*[2]/*/*/*/*[2]/*[2]/*[3]	TEI/text/body/listBibl/msDesc/msContents/msItem/locus	45r	109v
630	jalit-orgmanuscript511	/*/*[2]/*/*/*/*[3]/*[1]/*[2]/*[3]	TEI/text/body/listBibl/msDesc/physDesc/ab/listBibl/bibl	111r	124v	existing	511	/*/*[2]/*/*/*/*[2]/*[2]/*[4]	TEI/text/body/listBibl/msDesc/msContents/msItem/locus	111r	124v
630	jalit-orgmanuscript511	/*/*[2]/*/*/*/*[3]/*[1]/*[2]/*[3]	TEI/text/body/listBibl/msDesc/physDesc/ab/listBibl/bibl	126r	149v	existing	511	/*/*[2]/*/*/*/*[2]/*[2]/*[5]	TEI/text/body/listBibl/msDesc/msContents/msItem/locus	126r	149v
630	jalit-orgmanuscript641	/*/*[2]/*/*/*/*[3]/*[1]/*[2]/*[4]	TEI/text/body/listBibl/msDesc/physDesc/ab/listBibl/bibl	1r	5v	existing	641	/*/*[2]/*/*/*/*[2]/*[2]/*[1]	TEI/text/body/listBibl/msDesc/msContents/msItem/locus	1r	5v
630	jalit-orgmanuscript366	/*/*[2]/*/*/*/*[3]/*[1]/*[2]/*[5]	TEI/text/body/listBibl/msDesc/physDesc/ab/listBibl/bibl	1r	4v	existing	366	/*/*[2]/*/*/*/*[2]/*[2]/*[1]	TEI/text/body/listBibl/msDesc/msContents/msItem/locus	1r	4v
630	jalit-orgmanuscript366	/*/*[2]/*/*/*/*[3]/*[1]/*[2]/*[5]	TEI/text/body/listBibl/msDesc/physDesc/ab/listBibl/bibl	6r	28v	existing	366	/*/*[2]/*/*/*/*[2]/*[2]/*[2]	TEI/text/body/listBibl/msDesc/msContents/msItem/locus	6r	28v
641	jalit-orgmanuscript341	/*/*[2]/*/*/*/*[3]/*[1]/*[2]/*[1]	TEI/text/body/listBibl/msDesc/physDesc/ab/listBibl/bibl	1r	2v	existing	341	/*/*[2]/*/*/*/*[2]/*[2]/*[1]	TEI/text/body/listBibl/msDesc/msContents/msItem/locus	1r	2v
641	jalit-orgmanuscript630	/*/*[2]/*/*/*/*[3]/*[1]/*[2]/*[2]	TEI/text/body/listBibl/msDesc/physDesc/ab/listBibl/bibl	1r	12v	existing	630	/*/*[2]/*/*/*/*[2]/*[2]/*[1]	TEI/text/body/listBibl/msDesc/msContents/msItem/locus	1r	12v
641	jalit-orgmanuscript1469	/*/*[2]/*/*/*/*[3]/*[1]/*[2]/*[3]	TEI/text/body/listBibl/msDesc/physDesc/ab/listBibl/bibl	1r	16v	existing	1469	/*/*[2]/*/*/*/*[2]/*[2]/*[1]	TEI/text/body/listBibl/msDesc/msContents/msItem/locus	1r	16v
641	jalit-orgmanuscript366	/*/*[2]/*/*/*/*[3]/*[1]/*[2]/*[4]	TEI/text/body/listBibl/msDesc/physDesc/ab/listBibl/bibl	1r	4v	existing	366	/*/*[2]/*/*/*/*[2]/*[2]/*[1]	TEI/text/body/listBibl/msDesc/msContents/msItem/locus	1r	4v
641	jalit-orgmanuscript366	/*/*[2]/*/*/*/*[3]/*[1]/*[2]/*[4]	TEI/text/body/listBibl/msDesc/physDesc/ab/listBibl/bibl	6r	28v	existing	366	/*/*[2]/*/*/*/*[2]/*[2]/*[2]	TEI/text/body/listBibl/msDesc/msContents/msItem/locus	6r	28v
641	jalit-orgmanuscript511	/*/*[2]/*/*/*/*[3]/*[1]/*[2]/*[5]	TEI/text/body/listBibl/msDesc/physDesc/ab/listBibl/bibl	1r	9v	existing	511	/*/*[2]/*/*/*/*[2]/*[2]/*[1]	TEI/text/body/listBibl/msDesc/msContents/msItem/locus	1r	9v
641	jalit-orgmanuscript511	/*/*[2]/*/*/*/*[3]/*[1]/*[2]/*[5]	TEI/text/body/listBibl/msDesc/physDesc/ab/listBibl/bibl	32r	36v	existing	511	/*/*[2]/*/*/*/*[2]/*[2]/*[2]	TEI/text/body/listBibl/msDesc/msContents/msItem/locus	32r	36v
641	jalit-orgmanuscript511	/*/*[2]/*/*/*/*[3]/*[1]/*[2]/*[5]	TEI/text/body/listBibl/msDesc/physDesc/ab/listBibl/bibl	45r	109v	existing	511	/*/*[2]/*/*/*/*[2]/*[2]/*[3]	TEI/text/body/listBibl/msDesc/msContents/msItem/locus	45r	109v
641	jalit-orgmanuscript511	/*/*[2]/*/*/*/*[3]/*[1]/*[2]/*[5]	TEI/text/body/listBibl/msDesc/physDesc/ab/listBibl/bibl	111r	124v	existing	511	/*/*[2]/*/*/*/*[2]/*[2]/*[4]	TEI/text/body/listBibl/msDesc/msContents/msItem/locus	111r	124v
641	jalit-orgmanuscript511	/*/*[2]/*/*/*/*[3]/*[1]/*[2]/*[5]	TEI/text/body/listBibl/msDesc/physDesc/ab/listBibl/bibl	126r	149v	existing	511	/*/*[2]/*/*/*/*[2]/*[2]/*[5]	TEI/text/body/listBibl/msDesc/msContents/msItem/locus	126r	149v
894	jalit-orgmanuscript514	/*/*[2]/*/*/*/*[3]/*[1]/*[2]/*	TEI/text/body/listBibl/msDesc/physDesc/ab/listBibl/bibl	1v	8v	existing	514	/*/*[2]/*/*/*/*[2]/*[2]/*[1]	TEI/text/body/listBibl/msDesc/msContents/msItem/locus	1v	8v
894	jalit-orgmanuscript514	/*/*[2]/*/*/*/*[3]/*[1]/*[2]/*	TEI/text/body/listBibl/msDesc/physDesc/ab/listBibl/bibl	8v	134v	existing	514	/*/*[2]/*/*/*/*[2]/*[3]/*[1]	TEI/text/body/listBibl/msDesc/msContents/msItem/locus	8v	134v
